{
    "mas": [
        0.9965151184660209,
        -0.0018568090740197097,
        0.0017250451392919904,
        1.0613890923515679,
        -0.00037700881624158373,
        0.9949529112799438,
        0.00017464892578878777,
        0.21781686924646587,
        -0.0051559520446367545,
        -0.0029456404933920427,
        1.0027779915059496,
        1.6168028805402157
    ],
    "sub1": [
        0.5562685561310541,
        -0.18359317749987097,
        0.8075647383307348,
        -357.1321904727233,
        -0.2790308605045524,
        0.8662851006173813,
        0.3991512665330522,
        -179.61030311005837,
        -0.7859401617370587,
        -0.44296072359719535,
        0.43649803381825536,
        320.80500681237805
    ],
    "sub2": [
        -0.7029544818174692,
        -0.18165443726703204,
        0.6876457386721229,
        -407.42103277324253,
        0.20424191682770632,
        0.874554070795268,
        0.4398186179164849,
        -267.0224604470533,
        -0.6812783835579085,
        0.4496185524159568,
        -0.5776702531895693,
        717.5431982690686
    ],
    "sub3": [
        -0.7144924534513282,
        0.1342264870184805,
        -0.6775611044951375,
        305.44809282408454,
        -0.029531930981964705,
        0.965037583777193,
        0.22963724506303218,
        -90.49092319340346,
        0.6810558956171349,
        0.19265117560522685,
        -0.693364240079915,
        918.4934043433891
    ]
}