{"CalibrationInformation":{"Cameras":[{"Intrinsics":{"ModelParameterCount":14,"ModelParameters":[0.50891953706741333,0.50880914926528931,0.49166965484619141,0.4916972815990448,1.1576915979385376,0.62033635377883911,0.033817701041698456,1.493836522102356,0.95060825347900391,0.17365157604217529,0,0,4.0761464333627373E-5,-2.8546441171783954E-5],"ModelType":"CALIBRATION_LensDistortionModelBrownConrady"},"Location":"CALIBRATION_CameraLocationD0","Purpose":"CALIBRATION_CameraPurposeDepth","MetricRadius":1.7399997711181641,"Rt":{"Rotation":[1,0,0,0,1,0,0,0,1],"Translation":[0,0,0]},"SensorHeight":1024,"SensorWidth":1024,"Shutter":"CALIBRATION_ShutterTypeUndefined","ThermalAdjustmentParams":{"Params":[0,0,0,0,0,0,0,0,0,0,0,0]}},{"Intrinsics":{"ModelParameterCount":14,"ModelParameters":[0.50262826681137085,0.5073891282081604,0.4732678234577179,0.63079833984375,0.46326443552970886,-2.5662870407104492,1.5186088085174561,0.34511789679527283,-2.3964617252349854,1.4472655057907104,0,0,1.7052994735422544E-5,0.00025657072546891868],"ModelType":"CALIBRATION_LensDistortionModelBrownConrady"},"Location":"CALIBRATION_CameraLocationPV0","Purpose":"CALIBRATION_CameraPurposePhotoVideo","MetricRadius":0,"Rt":{"Rotation":[0.99999880790710449,0.0010565835982561111,-0.0011010541347786784,-0.00093778042355552316,0.99470007419586182,0.10281466692686081,0.0012038509594276547,-0.10281351953744888,0.99469989538192749],"Translation":[-0.0320693701505661,-0.0019862966146320105,0.0039277360774576664]},"SensorHeight":3072,"SensorWidth":4096,"Shutter":"CALIBRATION_ShutterTypeUndefined","ThermalAdjustmentParams":{"Params":[0,0,0,0,0,0,0,0,0,0,0,0]}}],"InertialSensors":[{"BiasTemperatureModel":[0.000300427753245458,0,0,0,0.026782192289829254,0,0,0,-0.011367250233888626,0,0,0],"BiasUncertainty":[9.9999997473787516E-5,9.9999997473787516E-5,9.9999997473787516E-5],"Id":"CALIBRATION_InertialSensorId_LSM6DSM","MixingMatrixTemperatureModel":[1.0111585855484009,0,0,0,0.0019291845383122563,0,0,0,0.010187516920268536,0,0,0,0.0019850269891321659,0,0,0,0.98261100053787231,0,0,0,-0.0013780220178887248,0,0,0,0.010387933813035488,0,0,0,-0.0013656027149409056,0,0,0,0.99164807796478271,0,0,0],"ModelTypeMask":16,"Noise":[0.00095000001601874828,0.00095000001601874828,0.00095000001601874828,0,0,0],"Rt":{"Rotation":[0.013870835304260254,0.1100088432431221,-0.99383383989334106,-0.99988079071044922,-0.0052156182937324047,-0.014532556757330894,-0.0067821675911545753,0.993916928768158,0.10992338508367538],"Translation":[0,0,0]},"SecondOrderScaling":[0,0,0,0,0,0,0,0,0],"SensorType":"CALIBRATION_InertialSensorType_Gyro","TemperatureBounds":[5,60],"TemperatureC":0},{"BiasTemperatureModel":[0.012079624459147453,0,0,0,0.087054669857025146,0,0,0,0.010209743864834309,0,0,0],"BiasUncertainty":[0.0099999997764825821,0.0099999997764825821,0.0099999997764825821],"Id":"CALIBRATION_InertialSensorId_LSM6DSM","MixingMatrixTemperatureModel":[1.0007303953170776,0,0,0,-0.00086807622574269772,0,0,0,-0.002383366459980607,0,0,0,-0.00086340919369831681,0,0,0,1.006137490272522,0,0,0,0.0018835351802408695,0,0,0,-0.002410470973700285,0,0,0,0.0019152525346726179,0,0,0,0.98948049545288086,0,0,0],"ModelTypeMask":56,"Noise":[0.010700000450015068,0.010700000450015068,0.010700000450015068,0,0,0],"Rt":{"Rotation":[0.0025346009060740471,0.10683038830757141,-0.99427402019500732,-0.9999774694442749,-0.0059048640541732311,-0.003183591878041625,-0.00621115742251277,0.99425971508026123,0.10681301355361938],"Translation":[-0.051011428236961365,0.0030897860415279865,0.000969991902820766]},"SecondOrderScaling":[0,0,0,0,0,0,0,0,0],"SensorType":"CALIBRATION_InertialSensorType_Accelerometer","TemperatureBounds":[5,60],"TemperatureC":0}],"Metadata":{"SerialId":"000304704512","FactoryCalDate":"11/4/2020 3:35:15 AM GMT","Version":{"Major":1,"Minor":2},"DeviceName":"AzureKinect-PV","Notes":"PV0_max_radius_invalid"}}}