{"CalibrationInformation":{"Cameras":[{"Intrinsics":{"ModelParameterCount":14,"ModelParameters":[0.50136005878448486,0.48767420649528503,0.49266624450683594,0.49268677830696106,0.68577742576599121,0.023798136040568352,-0.0012517307186499238,1.0299893617630005,0.17522016167640686,-0.005090643186122179,0,0,7.5383228249847889E-5,2.9925809940323234E-5],"ModelType":"CALIBRATION_LensDistortionModelBrownConrady"},"Location":"CALIBRATION_CameraLocationD0","Purpose":"CALIBRATION_CameraPurposeDepth","MetricRadius":1.7399997711181641,"Rt":{"Rotation":[1,0,0,0,1,0,0,0,1],"Translation":[0,0,0]},"SensorHeight":1024,"SensorWidth":1024,"Shutter":"CALIBRATION_ShutterTypeUndefined","ThermalAdjustmentParams":{"Params":[0,0,0,0,0,0,0,0,0,0,0,0]}},{"Intrinsics":{"ModelParameterCount":14,"ModelParameters":[0.5015220046043396,0.50636851787567139,0.47786763310432434,0.63707584142684937,0.51343840360641479,-2.6252312660217285,1.4956573247909546,0.39211627840995789,-2.450183629989624,1.4244080781936646,0,0,-0.00064240355277433991,0.00067018071422353387],"ModelType":"CALIBRATION_LensDistortionModelBrownConrady"},"Location":"CALIBRATION_CameraLocationPV0","Purpose":"CALIBRATION_CameraPurposePhotoVideo","MetricRadius":0,"Rt":{"Rotation":[0.99999594688415527,-0.0020956050138920546,-0.0019224843708798289,0.0022421388421207666,0.99681752920150757,0.07968536764383316,0.0017493771156296134,-0.079689361155033112,0.9968181848526001],"Translation":[-0.03198700025677681,-0.002343157771974802,0.0040542664937675]},"SensorHeight":3072,"SensorWidth":4096,"Shutter":"CALIBRATION_ShutterTypeUndefined","ThermalAdjustmentParams":{"Params":[0,0,0,0,0,0,0,0,0,0,0,0]}}],"InertialSensors":[{"BiasTemperatureModel":[-0.026800228282809258,0,0,0,0.032920017838478088,0,0,0,0.0060608405619859695,0,0,0],"BiasUncertainty":[9.9999997473787516E-5,9.9999997473787516E-5,9.9999997473787516E-5],"Id":"CALIBRATION_InertialSensorId_LSM6DSM","MixingMatrixTemperatureModel":[0.998599648475647,0,0,0,-0.0010965557303279638,0,0,0,1.4326849850476719E-5,0,0,0,-0.0010865679942071438,0,0,0,1.0078011751174927,0,0,0,-0.004721964243799448,0,0,0,1.4277489754022099E-5,0,0,0,-0.0047489507123827934,0,0,0,1.0020730495452881,0,0,0],"ModelTypeMask":16,"Noise":[0.00095000001601874828,0.00095000001601874828,0.00095000001601874828,0,0,0],"Rt":{"Rotation":[0.0047615780495107174,0.11297447234392166,-0.99358648061752319,-0.99998271465301514,-0.0028854880947619677,-0.0051203216426074505,-0.0034454476553946733,0.993593692779541,0.11295878142118454],"Translation":[0,0,0]},"SecondOrderScaling":[0,0,0,0,0,0,0,0,0],"SensorType":"CALIBRATION_InertialSensorType_Gyro","TemperatureBounds":[5,60],"TemperatureC":0},{"BiasTemperatureModel":[-0.0087809767574071884,0,0,0,0.0044323415495455265,0,0,0,-0.1481986790895462,0,0,0],"BiasUncertainty":[0.0099999997764825821,0.0099999997764825821,0.0099999997764825821],"Id":"CALIBRATION_InertialSensorId_LSM6DSM","MixingMatrixTemperatureModel":[0.99932354688644409,0,0,0,-0.0002911436022259295,0,0,0,-0.0022005289793014526,0,0,0,-0.00029523982084356248,0,0,0,0.98545396327972412,0,0,0,0.00028918712632730603,0,0,0,-0.002224442083388567,0,0,0,0.00028827390633523464,0,0,0,0.98858064413070679,0,0,0],"ModelTypeMask":56,"Noise":[0.010700000450015068,0.010700000450015068,0.010700000450015068,0,0,0],"Rt":{"Rotation":[0.0017534649232402444,0.11055126041173935,-0.993868887424469,-0.99999606609344482,0.0023777894675731659,-0.0014997856924310327,0.0021974078845232725,0.99386757612228394,0.11055499315261841],"Translation":[-0.051235966384410858,0.0033498457632958889,0.0017576147802174091]},"SecondOrderScaling":[0,0,0,0,0,0,0,0,0],"SensorType":"CALIBRATION_InertialSensorType_Accelerometer","TemperatureBounds":[5,60],"TemperatureC":0}],"Metadata":{"SerialId":"000126500112","FactoryCalDate":"12/28/2019 1:18:14 PM GMT","Version":{"Major":1,"Minor":2},"DeviceName":"AzureKinect-PV","Notes":"PV0_max_radius_invalid"}}}