{"CalibrationInformation":{"Cameras":[{"Intrinsics":{"ModelParameterCount":14,"ModelParameters":[0.50250464677810669,0.50344967842102051,0.49139600992202759,0.49151229858398438,0.67096942663192749,0.25343242287635803,0.014736758545041084,1.0091793537139893,0.41406905651092529,0.072821497917175293,0,0,4.4067190174246207E-5,-7.4957155447918922E-5],"ModelType":"CALIBRATION_LensDistortionModelBrownConrady"},"Location":"CALIBRATION_CameraLocationD0","Purpose":"CALIBRATION_CameraPurposeDepth","MetricRadius":1.7399997711181641,"Rt":{"Rotation":[1,0,0,0,1,0,0,0,1],"Translation":[0,0,0]},"SensorHeight":1024,"SensorWidth":1024,"Shutter":"CALIBRATION_ShutterTypeUndefined","ThermalAdjustmentParams":{"Params":[0,0,0,0,0,0,0,0,0,0,0,0]}},{"Intrinsics":{"ModelParameterCount":14,"ModelParameters":[0.49734142422676086,0.511078953742981,0.47585046291351318,0.63423800468444824,0.0967586487531662,-2.32071590423584,1.5006181001663208,-0.020188987255096436,-2.1301352977752686,1.4140797853469849,0,0,-0.00024817115627229214,0.00052699574735015631],"ModelType":"CALIBRATION_LensDistortionModelBrownConrady"},"Location":"CALIBRATION_CameraLocationPV0","Purpose":"CALIBRATION_CameraPurposePhotoVideo","MetricRadius":0,"Rt":{"Rotation":[0.99997913837432861,0.0049057598225772381,-0.0042023761197924614,-0.0044515826739370823,0.994774580001831,0.10199835151433945,0.0046807965263724327,-0.10197751224040985,0.99477571249008179],"Translation":[-0.032128732651472092,-0.0020004045218229294,0.0038432155270129442]},"SensorHeight":3072,"SensorWidth":4096,"Shutter":"CALIBRATION_ShutterTypeUndefined","ThermalAdjustmentParams":{"Params":[0,0,0,0,0,0,0,0,0,0,0,0]}}],"InertialSensors":[{"BiasTemperatureModel":[-0.0033858392853289843,0,0,0,0.055290486663579941,0,0,0,-0.019616894423961639,0,0,0],"BiasUncertainty":[9.9999997473787516E-5,9.9999997473787516E-5,9.9999997473787516E-5],"Id":"CALIBRATION_InertialSensorId_LSM6DSM","MixingMatrixTemperatureModel":[1.0052386522293091,0,0,0,0.0038316487334668636,0,0,0,-0.0085036884993314743,0,0,0,0.0038818416651338339,0,0,0,0.99217349290847778,0,0,0,0.0021970965899527073,0,0,0,-0.008559870533645153,0,0,0,0.0021830154582858086,0,0,0,0.99863088130950928,0,0,0],"ModelTypeMask":16,"Noise":[0.00095000001601874828,0.00095000001601874828,0.00095000001601874828,0,0,0],"Rt":{"Rotation":[0.013158589601516724,0.11443339288234711,-0.9933437705039978,-0.99990928173065186,-0.0013615810312330723,-0.013402415439486504,-0.0028862019535154104,0.99343001842498779,0.11440508812665939],"Translation":[0,0,0]},"SecondOrderScaling":[0,0,0,0,0,0,0,0,0],"SensorType":"CALIBRATION_InertialSensorType_Gyro","TemperatureBounds":[5,60],"TemperatureC":0},{"BiasTemperatureModel":[0.14762364327907562,0,0,0,0.064396485686302185,0,0,0,-0.1658359169960022,0,0,0],"BiasUncertainty":[0.0099999997764825821,0.0099999997764825821,0.0099999997764825821],"Id":"CALIBRATION_InertialSensorId_LSM6DSM","MixingMatrixTemperatureModel":[0.98815405368804932,0,0,0,-0.00099419755861163139,0,0,0,-0.0038126793224364519,0,0,0,-0.00097779452335089445,0,0,0,1.0047163963317871,0,0,0,-8.6332629507523961E-6,0,0,0,-0.0037564407102763653,0,0,0,-8.6486097643501125E-6,0,0,0,1.0029469728469849,0,0,0],"ModelTypeMask":56,"Noise":[0.010700000450015068,0.010700000450015068,0.010700000450015068,0,0,0],"Rt":{"Rotation":[0.00092830456560477614,0.10979166626930237,-0.99395418167114258,-0.99998444318771362,-0.00536477193236351,-0.0015265265246853232,-0.0054999375715851784,0.99394011497497559,0.10978498309850693],"Translation":[-0.050937656313180923,0.0034519208129495382,0.0012982747284695506]},"SecondOrderScaling":[0,0,0,0,0,0,0,0,0],"SensorType":"CALIBRATION_InertialSensorType_Accelerometer","TemperatureBounds":[5,60],"TemperatureC":0}],"Metadata":{"SerialId":"000354204512","FactoryCalDate":"11/4/2020 8:00:07 AM GMT","Version":{"Major":1,"Minor":2},"DeviceName":"AzureKinect-PV","Notes":"PV0_max_radius_invalid"}}}