{"CalibrationInformation":{"Cameras":[{"Intrinsics":{"ModelParameterCount":14,"ModelParameters":[0.50060760974884033,0.5047832727432251,0.49105963110923767,0.49113133549690247,4.34368896484375,2.647836446762085,0.12550754845142365,4.6716184616088867,4.0737996101379395,0.69280153512954712,0,0,0.00015604624059051275,-0.000130638582049869],"ModelType":"CALIBRATION_LensDistortionModelBrownConrady"},"Location":"CALIBRATION_CameraLocationD0","Purpose":"CALIBRATION_CameraPurposeDepth","MetricRadius":1.7399997711181641,"Rt":{"Rotation":[1,0,0,0,1,0,0,0,1],"Translation":[0,0,0]},"SensorHeight":1024,"SensorWidth":1024,"Shutter":"CALIBRATION_ShutterTypeUndefined","ThermalAdjustmentParams":{"Params":[0,0,0,0,0,0,0,0,0,0,0,0]}},{"Intrinsics":{"ModelParameterCount":14,"ModelParameters":[0.49681821465492249,0.50909233093261719,0.47625035047531128,0.63469308614730835,0.78754276037216187,-3.13663911819458,1.8038613796234131,0.66205650568008423,-2.95603609085083,1.727792501449585,0,0,-0.00021729679428972304,0.000885732180904597],"ModelType":"CALIBRATION_LensDistortionModelBrownConrady"},"Location":"CALIBRATION_CameraLocationPV0","Purpose":"CALIBRATION_CameraPurposePhotoVideo","MetricRadius":0,"Rt":{"Rotation":[0.99999058246612549,0.0039148838259279728,0.0018728768918663263,-0.0040788315236568451,0.99522793292999268,0.097492478787899017,-0.0014822676312178373,-0.097499199211597443,0.995234489440918],"Translation":[-0.032022256404161453,-0.0020739245228469372,0.00414346344769001]},"SensorHeight":3072,"SensorWidth":4096,"Shutter":"CALIBRATION_ShutterTypeUndefined","ThermalAdjustmentParams":{"Params":[0,0,0,0,0,0,0,0,0,0,0,0]}}],"InertialSensors":[{"BiasTemperatureModel":[-0.0141654247418046,0,0,0,0.018542686477303505,0,0,0,0.017161047086119652,0,0,0],"BiasUncertainty":[9.9999997473787516E-5,9.9999997473787516E-5,9.9999997473787516E-5],"Id":"CALIBRATION_InertialSensorId_LSM6DSM","MixingMatrixTemperatureModel":[0.99334853887557983,0,0,0,0.00017741552437655628,0,0,0,-0.0065890015102922916,0,0,0,0.00017579048289917409,0,0,0,1.0026155710220337,0,0,0,-0.011317430064082146,0,0,0,-0.0065220203250646591,0,0,0,-0.011305938474833965,0,0,0,1.0036778450012207,0,0,0],"ModelTypeMask":16,"Noise":[0.00095000001601874828,0.00095000001601874828,0.00095000001601874828,0,0,0],"Rt":{"Rotation":[-0.00011812604498118162,0.10982133448123932,-0.99395132064819336,-0.9999811053276062,-0.0061196759343147278,-0.00055731821339577436,-0.0061438656412065029,0.99393248558044434,0.10981998592615128],"Translation":[0,0,0]},"SecondOrderScaling":[0,0,0,0,0,0,0,0,0],"SensorType":"CALIBRATION_InertialSensorType_Gyro","TemperatureBounds":[5,60],"TemperatureC":0},{"BiasTemperatureModel":[0.16295500099658966,0,0,0,-0.018532587215304375,0,0,0,-0.12656128406524658,0,0,0],"BiasUncertainty":[0.0099999997764825821,0.0099999997764825821,0.0099999997764825821],"Id":"CALIBRATION_InertialSensorId_LSM6DSM","MixingMatrixTemperatureModel":[0.99049830436706543,0,0,0,-0.001055006287060678,0,0,0,-0.00031128336559049785,0,0,0,-0.0010479392949491739,0,0,0,0.99717813730239868,0,0,0,0.00055521883768960834,0,0,0,-0.00030969688668847084,0,0,0,0.0005561142461374402,0,0,0,0.9955715537071228,0,0,0],"ModelTypeMask":56,"Noise":[0.010700000450015068,0.010700000450015068,0.010700000450015068,0,0,0],"Rt":{"Rotation":[-0.003604409983381629,0.10951664298772812,-0.99397844076156616,-0.99998980760574341,-0.0030956855043768883,0.0032851258292794228,-0.0027172686532139778,0.99398016929626465,0.10952668637037277],"Translation":[-0.050610270351171494,0.0038599453400820494,0.0012523753102868795]},"SecondOrderScaling":[0,0,0,0,0,0,0,0,0],"SensorType":"CALIBRATION_InertialSensorType_Accelerometer","TemperatureBounds":[5,60],"TemperatureC":0}],"Metadata":{"SerialId":"000362304512","FactoryCalDate":"10/30/2020 3:47:33 PM GMT","Version":{"Major":1,"Minor":2},"DeviceName":"AzureKinect-PV","Notes":"PV0_max_radius_invalid"}}}